{
  "ane_w": 0,
  "cpu_w": 6.984402656555176,
  "gpu_w": 0,
  "package_w": 6.984399795532227
}
{
  "ane_w": 0,
  "cpu_w": 6.983625888824463,
  "gpu_w": 0.15285637974739075,
  "package_w": 7.13647985458374
}
{
  "ane_w": 0,
  "cpu_w": 6.003798961639404,
  "gpu_w": 0,
  "package_w": 6.003799915313721
}
{
  "ane_w": 0,
  "cpu_w": 6.8468337059021,
  "gpu_w": 0,
  "package_w": 6.846829891204834
}
{
  "ane_w": 0,
  "cpu_w": 6.934334754943848,
  "gpu_w": 0,
  "package_w": 6.934329986572266
}
{
  "ane_w": 0,
  "cpu_w": 6.564593315124512,
  "gpu_w": 0.32583382725715637,
  "package_w": 6.890429973602295
}
{
  "ane_w": 0,
  "cpu_w": 6.465144157409668,
  "gpu_w": 0,
  "package_w": 6.465140342712402
}
{
  "ane_w": 0,
  "cpu_w": 6.8468780517578125,
  "gpu_w": 0,
  "package_w": 6.846879959106445
}
{
  "ane_w": 0,
  "cpu_w": 7.012172222137451,
  "gpu_w": 0,
  "package_w": 7.01216983795166
}
{
  "ane_w": 0,
  "cpu_w": 6.1524505615234375,
  "gpu_w": 0.34499722719192505,
  "package_w": 6.497450351715088
}
{
  "ane_w": 0,
  "cpu_w": 6.936736583709717,
  "gpu_w": 0,
  "package_w": 6.936740398406982
}
{
  "ane_w": 0,
  "cpu_w": 6.891463279724121,
  "gpu_w": 0,
  "package_w": 6.891459941864014
}
{
  "ane_w": 0,
  "cpu_w": 7.192834854125977,
  "gpu_w": 0,
  "package_w": 7.1928300857543945
}
{
  "ane_w": 0,
  "cpu_w": 5.860569477081299,
  "gpu_w": 0.2010979801416397,
  "package_w": 6.061669826507568
}
{
  "ane_w": 0,
  "cpu_w": 6.996730804443359,
  "gpu_w": 0,
  "package_w": 6.996729850769043
}
{
  "ane_w": 0,
  "cpu_w": 6.985169410705566,
  "gpu_w": 0,
  "package_w": 6.985169887542725
}
{
  "ane_w": 0,
  "cpu_w": 7.101330280303955,
  "gpu_w": 0.14512255787849426,
  "package_w": 7.246450424194336
}
{
  "ane_w": 0,
  "cpu_w": 5.88608455657959,
  "gpu_w": 0,
  "package_w": 5.886080265045166
}
{
  "ane_w": 0,
  "cpu_w": 6.8447160720825195,
  "gpu_w": 0,
  "package_w": 6.844720363616943
}
{
  "ane_w": 0,
  "cpu_w": 7.073824405670166,
  "gpu_w": 0,
  "package_w": 7.073819637298584
}
{
  "ane_w": 0,
  "cpu_w": 6.626476764678955,
  "gpu_w": 0.3914777338504791,
  "package_w": 7.017950057983398
}
{
  "ane_w": 0,
  "cpu_w": 6.439364910125732,
  "gpu_w": 0.028619399294257164,
  "package_w": 6.467979907989502
}
{
  "ane_w": 0,
  "cpu_w": 6.840264797210693,
  "gpu_w": 0,
  "package_w": 6.840259552001953
}
{
  "ane_w": 0,
  "cpu_w": 7.018159866333008,
  "gpu_w": 0,
  "package_w": 7.018160343170166
}
{
  "ane_w": 0,
  "cpu_w": 6.187304973602295,
  "gpu_w": 0.22029103338718414,
  "package_w": 6.407599925994873
}
{
  "ane_w": 0,
  "cpu_w": 6.864535331726074,
  "gpu_w": 0,
  "package_w": 6.864540100097656
}
{
  "ane_w": 0,
  "cpu_w": 6.923643112182617,
  "gpu_w": 0,
  "package_w": 6.923640251159668
}
{
  "ane_w": 0,
  "cpu_w": 7.564263820648193,
  "gpu_w": 0,
  "package_w": 7.5642595291137695
}
{
  "ane_w": 0,
  "cpu_w": 6.461863040924072,
  "gpu_w": 0.1627432107925415,
  "package_w": 6.62460994720459
}
{
  "ane_w": 0,
  "cpu_w": 7.109691619873047,
  "gpu_w": 0,
  "package_w": 7.109689712524414
}
{
  "ane_w": 0,
  "cpu_w": 6.891469955444336,
  "gpu_w": 0,
  "package_w": 6.891470432281494
}
{
  "ane_w": 0,
  "cpu_w": 7.294707775115967,
  "gpu_w": 0.15337099134922028,
  "package_w": 7.448080062866211
}
{
  "ane_w": 0,
  "cpu_w": 5.7539381980896,
  "gpu_w": 0.2381596863269806,
  "package_w": 5.992100238800049
}
{
  "ane_w": 0,
  "cpu_w": 6.839937210083008,
  "gpu_w": 0,
  "package_w": 6.839940071105957
}
{
  "ane_w": 0,
  "cpu_w": 7.204807758331299,
  "gpu_w": 0,
  "package_w": 7.20481014251709
}
{
  "ane_w": 0,
  "cpu_w": 6.662890911102295,
  "gpu_w": 0.12409395724534988,
  "package_w": 6.786980152130127
}
{
  "ane_w": 0,
  "cpu_w": 6.28549337387085,
  "gpu_w": 0,
  "package_w": 6.285490036010742
}
{
  "ane_w": 0,
  "cpu_w": 6.849285125732422,
  "gpu_w": 0,
  "package_w": 6.849289894104004
}
{
  "ane_w": 0,
  "cpu_w": 7.0654377937316895,
  "gpu_w": 0,
  "package_w": 7.0654401779174805
}
{
  "ane_w": 0,
  "cpu_w": 6.643858432769775,
  "gpu_w": 0.3637847602367401,
  "package_w": 7.007640361785889
}
{
  "ane_w": 0,
  "cpu_w": 6.758578777313232,
  "gpu_w": 0,
  "package_w": 6.758580207824707
}
{
  "ane_w": 0,
  "cpu_w": 6.885473728179932,
  "gpu_w": 0,
  "package_w": 6.885470390319824
}
{
  "ane_w": 0,
  "cpu_w": 7.098970413208008,
  "gpu_w": 0,
  "package_w": 7.098970413208008
}
{
  "ane_w": 0,
  "cpu_w": 6.036813735961914,
  "gpu_w": 0.29752179980278015,
  "package_w": 6.334339618682861
}
{
  "ane_w": 0,
  "cpu_w": 7.038832664489746,
  "gpu_w": 0,
  "package_w": 7.038830280303955
}
{
  "ane_w": 0,
  "cpu_w": 7.01995325088501,
  "gpu_w": 0,
  "package_w": 7.0199503898620605
}
{
  "ane_w": 0,
  "cpu_w": 7.210834503173828,
  "gpu_w": 0,
  "package_w": 7.210830211639404
}
{
  "ane_w": 0,
  "cpu_w": 5.924742221832275,
  "gpu_w": 0.2013261914253235,
  "package_w": 6.126070022583008
}
{
  "ane_w": 0,
  "cpu_w": 7.519431114196777,
  "gpu_w": 0,
  "package_w": 7.519430160522461
}
{
  "ane_w": 0,
  "cpu_w": 7.088906764984131,
  "gpu_w": 0,
  "package_w": 7.088910102844238
}
{
  "ane_w": 0,
  "cpu_w": 6.940422534942627,
  "gpu_w": 0.1437932848930359,
  "package_w": 7.0842204093933105
}
{
  "ane_w": 0,
  "cpu_w": 6.056256294250488,
  "gpu_w": 0.12398634850978851,
  "package_w": 6.180240154266357
}
{
  "ane_w": 0,
  "cpu_w": 6.892590522766113,
  "gpu_w": 0,
  "package_w": 6.892590045928955
}
{
  "ane_w": 0,
  "cpu_w": 7.791187286376953,
  "gpu_w": 0,
  "package_w": 7.791190147399902
}
{
  "ane_w": 0,
  "cpu_w": 7.038249492645264,
  "gpu_w": 0.2581966519355774,
  "package_w": 7.296450138092041
}
{
  "ane_w": 0,
  "cpu_w": 6.5911407470703125,
  "gpu_w": 0.038099080324172974,
  "package_w": 6.629240036010742
}
{
  "ane_w": 0,
  "cpu_w": 6.863976955413818,
  "gpu_w": 0,
  "package_w": 6.863979816436768
}
{
  "ane_w": 0,
  "cpu_w": 7.144684314727783,
  "gpu_w": 0,
  "package_w": 7.144680023193359
}
{
  "ane_w": 0,
  "cpu_w": 6.010912895202637,
  "gpu_w": 0.23193232715129852,
  "package_w": 6.242850303649902
}
{
  "ane_w": 0,
  "cpu_w": 7.096240043640137,
  "gpu_w": 0,
  "package_w": 7.096240043640137
}
{
  "ane_w": 0,
  "cpu_w": 6.930182933807373,
  "gpu_w": 0,
  "package_w": 6.930180072784424
}
{
  "ane_w": 0,
  "cpu_w": 7.254927635192871,
  "gpu_w": 0,
  "package_w": 7.254930019378662
}
{
  "ane_w": 0,
  "cpu_w": 5.818195819854736,
  "gpu_w": 0.3444984257221222,
  "package_w": 6.162690162658691
}
{
  "ane_w": 0,
  "cpu_w": 6.87502908706665,
  "gpu_w": 0,
  "package_w": 6.875029563903809
}
{
  "ane_w": 0,
  "cpu_w": 7.090903282165527,
  "gpu_w": 0,
  "package_w": 7.09089994430542
}
{
  "ane_w": 0,
  "cpu_w": 6.999018669128418,
  "gpu_w": 0.11505236476659775,
  "package_w": 7.114069938659668
}
{
  "ane_w": 0,
  "cpu_w": 6.1912970542907715,
  "gpu_w": 0.2579707205295563,
  "package_w": 6.449270248413086
}
{
  "ane_w": 0,
  "cpu_w": 7.03387975692749,
  "gpu_w": 0,
  "package_w": 7.03387975692749
}
{
  "ane_w": 0,
  "cpu_w": 7.264250755310059,
  "gpu_w": 0,
  "package_w": 7.264249801635742
}
{
  "ane_w": 0,
  "cpu_w": 6.712208271026611,
  "gpu_w": 0.11506643146276474,
  "package_w": 6.827270030975342
}
{
  "ane_w": 0,
  "cpu_w": 6.851499557495117,
  "gpu_w": 0,
  "package_w": 6.851500034332275
}
{
  "ane_w": 0,
  "cpu_w": 7.0899224281311035,
  "gpu_w": 0,
  "package_w": 7.0899200439453125
}
{
  "ane_w": 0,
  "cpu_w": 7.329740047454834,
  "gpu_w": 0,
  "package_w": 7.329740047454834
}
{
  "ane_w": 0,
  "cpu_w": 6.1306233406066895,
  "gpu_w": 0.3837636113166809,
  "package_w": 6.514389991760254
}
{
  "ane_w": 0,
  "cpu_w": 7.149946689605713,
  "gpu_w": 0,
  "package_w": 7.14995002746582
}
{
  "ane_w": 0,
  "cpu_w": 6.907656669616699,
  "gpu_w": 0,
  "package_w": 6.907660007476807
}
{
  "ane_w": 0,
  "cpu_w": 7.17828893661499,
  "gpu_w": 0,
  "package_w": 7.178289890289307
}
{
  "ane_w": 0,
  "cpu_w": 5.849310398101807,
  "gpu_w": 0.3190532922744751,
  "package_w": 6.168359756469727
}
{
  "ane_w": 0,
  "cpu_w": 6.951327800750732,
  "gpu_w": 0,
  "package_w": 6.951330184936523
}
{
  "ane_w": 0,