{
  "ane_w": 0,
  "cpu_w": 7.485735893249512,
  "gpu_w": 1.9147318601608276,
  "package_w": 9.400469779968262
}
{
  "ane_w": 0,
  "cpu_w": 6.249438285827637,
  "gpu_w": 1.5361214876174927,
  "package_w": 7.785560131072998
}
{
  "ane_w": 0,
  "cpu_w": 7.111399173736572,
  "gpu_w": 1.849345088005066,
  "package_w": 8.960740089416504
}
{
  "ane_w": 0,
  "cpu_w": 6.456869125366211,
  "gpu_w": 1.4061626195907593,
  "package_w": 7.863029956817627
}
{
  "ane_w": 0,
  "cpu_w": 6.984110355377197,
  "gpu_w": 1.8364213705062866,
  "package_w": 8.82052993774414
}
{
  "ane_w": 0,
  "cpu_w": 6.882050037384033,
  "gpu_w": 1.2939788103103638,
  "package_w": 8.176030158996582
}
{
  "ane_w": 0,
  "cpu_w": 6.494170188903809,
  "gpu_w": 0.4884995222091675,
  "package_w": 6.982669830322266
}
{
  "ane_w": 0,
  "cpu_w": 7.814831733703613,
  "gpu_w": 1.388664960861206,
  "package_w": 9.203499794006348
}
{
  "ane_w": 0,
  "cpu_w": 6.3629255294799805,
  "gpu_w": 1.4617531299591064,
  "package_w": 7.824680328369141
}
{
  "ane_w": 0,
  "cpu_w": 7.015905380249023,
  "gpu_w": 0.6013633012771606,
  "package_w": 7.617269992828369
}
{
  "ane_w": 0,
  "cpu_w": 6.185107231140137,
  "gpu_w": 0.3149822950363159,
  "package_w": 6.500089645385742
}
{
  "ane_w": 0,
  "cpu_w": 7.014420032501221,
  "gpu_w": 0.3240357041358948,
  "package_w": 7.3384599685668945
}
{
  "ane_w": 0,
  "cpu_w": 5.956467151641846,
  "gpu_w": 0,
  "package_w": 5.956470012664795
}
{
  "ane_w": 0,
  "cpu_w": 7.092857837677002,
  "gpu_w": 0,
  "package_w": 7.092859745025635
}
{
  "ane_w": 0,
  "cpu_w": 5.897961139678955,
  "gpu_w": 0.31596219539642334,
  "package_w": 6.2139201164245605
}
{
  "ane_w": 0,
  "cpu_w": 7.0357818603515625,
  "gpu_w": 0,
  "package_w": 7.03577995300293
}
{
  "ane_w": 0,
  "cpu_w": 5.913054943084717,
  "gpu_w": 0.27747344970703125,
  "package_w": 6.190529823303223
}
{
  "ane_w": 0,
  "cpu_w": 6.998294353485107,
  "gpu_w": 0,
  "package_w": 6.998290061950684
}
{
  "ane_w": 0,
  "cpu_w": 5.955370903015137,
  "gpu_w": 0.35770896077156067,
  "package_w": 6.313080310821533
}
{
  "ane_w": 0,
  "cpu_w": 6.971137046813965,
  "gpu_w": 0,
  "package_w": 6.971139907836914
}
{
  "ane_w": 0,
  "cpu_w": 6.022587299346924,
  "gpu_w": 0.6223658919334412,
  "package_w": 6.6449503898620605
}
{
  "ane_w": 0,
  "cpu_w": 6.991105079650879,
  "gpu_w": 0,
  "package_w": 6.991109848022461
}
{
  "ane_w": 0,
  "cpu_w": 5.92386531829834,
  "gpu_w": 0.2105412632226944,
  "package_w": 6.134410381317139
}
{
  "ane_w": 0,
  "cpu_w": 7.0702056884765625,
  "gpu_w": 0,
  "package_w": 7.070209980010986
}
{
  "ane_w": 0,
  "cpu_w": 6.3059611320495605,
  "gpu_w": 0.24917171895503998,
  "package_w": 6.5551300048828125
}
{
  "ane_w": 0,
  "cpu_w": 6.936283588409424,
  "gpu_w": 0,
  "package_w": 6.936279773712158
}
{
  "ane_w": 0,
  "cpu_w": 6.060329914093018,
  "gpu_w": 0.24931737780570984,
  "package_w": 6.30964994430542
}
{
  "ane_w": 0,
  "cpu_w": 6.833724021911621,
  "gpu_w": 0,
  "package_w": 6.8337202072143555
}
{
  "ane_w": 0,
  "cpu_w": 6.270605564117432,
  "gpu_w": 0.23933608829975128,
  "package_w": 6.509940147399902
}
{
  "ane_w": 0,
  "cpu_w": 6.679617881774902,
  "gpu_w": 0,
  "package_w": 6.679620265960693
}
{
  "ane_w": 0,
  "cpu_w": 6.449598789215088,
  "gpu_w": 0.28707411885261536,
  "package_w": 6.736670017242432
}
{
  "ane_w": 0,
  "cpu_w": 6.654281139373779,
  "gpu_w": 0.20020043849945068,
  "package_w": 6.854479789733887
}
{
  "ane_w": 0,
  "cpu_w": 6.842609882354736,
  "gpu_w": 1.9044467210769653,
  "package_w": 8.74705982208252
}
{
  "ane_w": 0,
  "cpu_w": 6.459412574768066,
  "gpu_w": 1.7460451126098633,
  "package_w": 8.205459594726562
}
{
  "ane_w": 0,
  "cpu_w": 7.176258087158203,
  "gpu_w": 1.9041005373001099,
  "package_w": 9.080360412597656
}
{
  "ane_w": 0,
  "cpu_w": 6.270373821258545,
  "gpu_w": 1.7300879955291748,
  "package_w": 8.000459671020508
}
{
  "ane_w": 0,
  "cpu_w": 7.31888484954834,
  "gpu_w": 1.968264102935791,
  "package_w": 9.287150382995605
}
{
  "ane_w": 0,
  "cpu_w": 6.033396244049072,
  "gpu_w": 1.4033373594284058,
  "package_w": 7.436729907989502
}
{
  "ane_w": 0,
  "cpu_w": 7.309757232666016,
  "gpu_w": 1.234239101409912,
  "package_w": 8.543999671936035
}
{
  "ane_w": 0,
  "cpu_w": 6.089761734008789,
  "gpu_w": 1.4362645149230957,
  "package_w": 7.526029586791992
}
{
  "ane_w": 0,
  "cpu_w": 7.315359592437744,
  "gpu_w": 1.9628909826278687,
  "package_w": 9.278249740600586
}
{
  "ane_w": 0,
  "cpu_w": 6.023621082305908,
  "gpu_w": 1.1951628923416138,
  "package_w": 7.218779563903809
}
{
  "ane_w": 0,
  "cpu_w": 7.2353386878967285,
  "gpu_w": 1.7968872785568237,
  "package_w": 9.032230377197266
}
{
  "ane_w": 0,
  "cpu_w": 6.170481204986572,
  "gpu_w": 1.4851312637329102,
  "package_w": 7.655610084533691
}
{
  "ane_w": 0,
  "cpu_w": 7.295889377593994,
  "gpu_w": 1.742587685585022,
  "package_w": 9.038480758666992
}
{
  "ane_w": 0,
  "cpu_w": 6.016770362854004,
  "gpu_w": 1.744958758354187,
  "package_w": 7.761730194091797
}
{
  "ane_w": 0,
  "cpu_w": 7.291121959686279,
  "gpu_w": 1.712743878364563,
  "package_w": 9.003870010375977
}
{
  "ane_w": 0,
  "cpu_w": 6.145602226257324,
  "gpu_w": 1.4814437627792358,
  "package_w": 7.627049922943115
}
{
  "ane_w": 0,
  "cpu_w": 7.156273365020752,
  "gpu_w": 1.8153430223464966,
  "package_w": 8.971620559692383
}
{
  "ane_w": 0,
  "cpu_w": 6.381131172180176,
  "gpu_w": 1.5904921293258667,
  "package_w": 7.971620082855225
}
{
  "ane_w": 0,
  "cpu_w": 6.806495666503906,
  "gpu_w": 1.7660613059997559,
  "package_w": 8.572559356689453
}
{
  "ane_w": 0,
  "cpu_w": 6.774082660675049,
  "gpu_w": 1.4851242303848267,
  "package_w": 8.259209632873535
}
{
  "ane_w": 0,
  "cpu_w": 6.548555850982666,
  "gpu_w": 1.8370221853256226,
  "package_w": 8.385580062866211
}
